{"cameraMode":{"drawMode":0,"name":"Shaded","section":"Shading Mode"},"sceneLighting":false,"audioPlay":false,"sceneViewState":{"showFog":true,"showMaterialUpdate":false,"showSkybox":false,"showFlares":true,"showImageEffects":true,"showParticleSystems":true},"in2DMode":false,"pivot":{"x":122.5754623413086,"y":8.15125846862793,"z":94.58879852294922},"rotation":{"x":-0.2551293969154358,"y":0.6355833411216736,"z":-0.2351158857345581,"w":-0.6896865963935852},"size":19.52498435974121,"orthographic":false}