{"cameraMode":{"drawMode":0,"name":"Shaded","section":"Shading Mode"},"sceneLighting":false,"audioPlay":false,"sceneViewState":{"showFog":true,"showMaterialUpdate":false,"showSkybox":false,"showFlares":true,"showImageEffects":true,"showParticleSystems":true},"in2DMode":false,"pivot":{"x":200.5275421142578,"y":143.28170776367188,"z":457.76104736328127},"rotation":{"x":-0.16844111680984498,"y":0.8235207200050354,"z":-0.31450629234313967,"w":-0.44105565547943118},"size":91.5735855102539,"orthographic":false}