{"cameraMode":{"drawMode":0,"name":"Shaded","section":"Shading Mode"},"sceneLighting":true,"audioPlay":false,"sceneViewState":{"showFog":true,"showMaterialUpdate":false,"showSkybox":true,"showFlares":true,"showImageEffects":true,"showParticleSystems":true},"in2DMode":false,"pivot":{"x":6.786683559417725,"y":-0.2609548568725586,"z":10.641988754272461},"rotation":{"x":0.03563827648758888,"y":0.9591735005378723,"z":-0.2426808774471283,"w":0.14084704220294953},"size":7.081990718841553,"orthographic":false}